window,route,requests,mean_ms,p95_ms,p99_ms,over1s,over5s
full,/student/api/v1/courses/{course_id}/lessons/{group_lesson_id}/problems,259710.319,879.36,7457.355,10000.0,30063.963,21231.68
full,/student/api/v1/group-lessons/{group_lesson_id}/content/{kind},252181.078,862.238,7490.722,10000.0,29509.945,20837.667
full,/student/api/v1/courses/{course_id}/lessons,154504.949,321.769,2168.461,8442.453,8955.287,4195.134
full,/{audience}/api/v1/auth/me,122311.918,621.626,5433.878,9472.445,13999.448,6641.213
full,/student/api/v1/courses,84304.7,694.578,4867.16,9095.43,13660.438,3872.124
full,/student/api/v1/home,43937.407,646.681,5565.709,9704.757,5151.165,2437.078
full,/staff/api/v1/review/items,42961.651,56.654,210.526,696.32,149.006,45.002
full,/{audience}/api/v1/analytics/events,38905.246,394.208,3469.784,8274.311,3425.11,983.031
full,/student/api/v1/push-subscriptions/config,36587.172,809.026,5371.74,9265.939,6939.222,1969.063
full,/student/api/v1/offline-lessons,35311.131,156.256,422.08,4895.497,1090.035,335.011
full,/student/api/v1/problems/{problem_public_id}/test-attempts,28811.923,260.193,631.134,7509.428,1203.039,525.017
full,/{audience}/api/v1/runtime,27502.881,847.669,4204.778,7110.661,8463.271,473.015
full,/student/api/v1/questions,25057.803,1357.272,8333.589,10000.0,6071.194,3207.103
full,/student/api/v1/problems/{problem_public_id}/thread,24270.777,513.749,4150.844,9129.672,2039.065,972.031
full,/staff/api/v1/review/series/{problem_id}/{projection},23161.921,204.875,738.35,1320.714,281.011,23.001
full,/student/api/v1/questions/attention,23107.74,1603.174,8654.55,10000.0,6664.213,3533.113
full,/student/api/v1/problems/{problem_public_id}/test-input,19834.635,341.574,1892.795,8242.76,1128.036,485.016
full,/{audience}/api/v1/branding,18666.598,114.409,664.563,3246.07,726.023,26.001
full,/{audience}/api/v1/auth/refresh,13366.428,198.368,462.213,6322.069,535.017,172.006
full,/staff/api/v1/live-marking/{resource},10557.437,204.18,847.374,1465.0,153.006,0.0
full,/student/api/v1/push-subscriptions,9770.313,355.793,3091.578,7742.187,829.027,203.007
full,/{audience}/api/v1/organizer-questions,8994.343,382.365,3197.011,9083.813,556.021,317.012
full,/staff/api/v1/thread-entries/{entry_public_id}/attachments/{attachment_public_id}/media,7377.292,2907.85,10000.0,10000.0,1266.05,599.024
full,/student/api/v1/courses/{course_public_id}/lessons/{group_lesson_public_id}/oral-windows,6675.214,754.265,6305.339,9781.901,902.029,434.014
full,/student/api/v1/banners/active,5033.192,545.31,4948.736,9392.667,471.018,248.009
full,/student/api/v1/classroom-assignments,5031.192,539.585,4838.687,9390.972,467.018,240.009
full,/{audience}/manifest.webmanifest,4419.142,102.913,490.625,2732.317,164.005,7.0
full,/student/api/v1/thread-entries/{entry_public_id}/attachments/{attachment_public_id}/media,3536.113,586.148,1505.263,10000.0,196.006,87.003
full,/staff/api/v1/dashboard,2794.089,202.222,562.048,3235.714,67.002,23.001
full,/family/api/v1/push-subscriptions/config,2688.086,434.699,3770.27,9134.884,220.007,98.003
full,/staff/api/v1/publications,2498.097,346.278,984.872,6976.316,119.005,40.002
full,/staff/api/v1/group-lessons/{group_lesson_id}/blocks,2466.096,317.154,968.258,6852.778,112.004,38.001
full,/staff/api/v1/group-lessons/{group_lesson_id}/lesson-window,2458.096,331.816,1107.895,6774.286,127.005,37.001
full,/staff/api/v1/group-lessons/{group_lesson_id}/lesson-title,2455.095,325.74,995.0,6431.818,121.005,34.001
full,/student/api/v1/problems/{problem_public_id}/thread/entries,2391.077,88.49,208.902,974.722,23.001,15.0
full,/staff/api/v1/review/items/{queue_public_id}/claim,2375.094,66.251,201.488,784.091,19.001,8.0
full,/staff/api/v1/statistics,2295.092,1168.12,2409.204,3432.143,1337.054,1.0
full,/student/api/v1/thread-entries/{entry_public_id}/submit,2117.068,95.719,254.792,1718.125,25.001,9.0
full,/staff/api/v1/review/items/{queue_public_id}/complete,1899.076,61.273,170.19,682.273,12.0,3.0
full,/student/api/v1/group-lessons/{group_lesson_id}/problems/{problem_id}/reveal/{kind},1779.068,146.695,224.803,5944.118,41.002,21.001
full,/staff/api/v1/testing/courses,1697.067,59.465,322.741,696.304,3.0,0.0
full,/staff/api/v1/live-marking/operations,1606.078,707.811,1930.861,2391.914,210.01,0.0
full,/staff/api/v1/live-marking/sessions/{session_id}/visits,1491.062,354.164,964.083,2078.019,53.002,0.0
full,/family/api/v1/children/{student_public_id}/courses/{course_public_id}/lessons/{lesson_number},1419.045,975.153,8731.818,10000.0,151.005,112.004
full,/family/api/v1/children/{student_public_id}/courses,1370.044,563.315,4934.211,9368.852,141.005,67.002
full,/student/api/v1/courses/{course_id}/progress,1297.042,360.427,843.0,7783.333,57.002,28.001
full,/family/api/v1/children/{student_public_id}/home,1242.04,391.585,944.737,8216.667,60.002,24.001
full,/student/api/v1/thread-entries/{entry_public_id}/attachments,1133.036,2931.211,8375.0,10000.0,906.029,112.004
full,/{audience}/api/v1/auth/sessions,1098.042,634.783,5500.0,9805.882,125.005,60.002
full,/staff/api/v1/live-marking/catalog,898.037,70.673,400.227,833.571,1.0,-1.0
full,/family/api/v1/banners/active,890.034,95.712,89.815,3812.5,12.0,7.0
full,/staff/api/v1/content/revisions/{revision_id}/assets,886.036,586.746,2335.0,8035.0,71.003,21.001
full,/{audience}/api/v1/auth/login,885.028,852.944,6054.688,10000.0,65.002,51.002
full,/family/api/v1/children/{student_public_id}/classroom-assignments,880.034,87.702,78.571,2666.667,9.0,6.0
full,/family/api/v1/push-subscriptions,869.033,52.897,145.592,457.75,4.0,1.0
full,/staff/api/v1/review/history,793.032,104.614,440.927,906.429,4.0,0.0
full,/student/api/v1/news,654.025,461.376,4455.882,9159.259,50.002,29.001
full,/staff/api/v1/live-marking/directory,610.025,109.985,401.786,829.167,2.0,0.0
full,/staff/api/v1/review/items/{queue_public_id}/heartbeat,576.023,31.168,153.478,421.667,1.0,0.0
full,/staff/api/v1/review/items/{queue_public_id}/release,547.022,47.134,181.188,470.625,3.0,1.0
full,/staff/api/v1/whiteboard-export,528.022,75.814,453.448,962.353,4.0,0.0
full,/staff/api/v1/live-marking/condition,471.03,176.416,830.625,1991.875,10.001,0.0
full,/staff/api/v1/content/revisions/{revision_id}/figure-layout,438.018,1687.236,10000.0,10000.0,64.002,56.002
full,/student/api/v1/questions/{thread_public_id},436.017,338.353,2583.333,8637.5,24.001,16.001
full,/staff/api/v1/statistics/plus-table,431.017,1046.813,2369.366,2490.775,216.009,0.0
full,/{audience}/api/v1/organizer-questions/{question},387.018,18.885,44.258,258.125,0.0,0.0
full,/staff/api/v1/content/revisions/{revision_id}/previews/{preview},317.013,118.895,169.167,6037.5,6.0,4.0
full,/staff/api/v1/live-marking/visits,278.013,60.685,239.444,652.5,0.0,0.0
full,/staff/api/v1/student-results/{student}/problems/{problem}/history,259.012,575.963,2133.491,2426.698,53.003,0.0
full,/staff/api/v1/telegram-binding-owners,243.01,257.406,912.5,5950.0,9.0,3.0
full,/staff/api/v1/courses,220.009,182.658,718.75,993.75,2.0,0.0
full,/staff/api/v1/content/revisions/{revision_id}/problem-matches,211.008,46.211,201.25,412.083,0.0,0.0
full,/staff/api/v1/questions,207.008,135.729,179.5,4912.5,4.0,2.0
full,/staff/api/v1/questions/{thread_public_id},200.008,96.318,75.0,10000.0,3.0,3.0
full,/staff/api/v1/student-enrollments,187.008,285.662,796.739,959.348,0.0,0.0
full,/family/api/v1/news,179.007,13.488,25.25,160.5,0.0,0.0
full,/staff/api/v1/group-lessons/{group_lesson_public_id}/oral-windows/planning,156.009,122.063,622.222,968.889,1.0,0.0
full,/student/api/v1/reviews/{review_public_id}/reaction,151.006,75.883,228.864,1933.75,4.0,0.0
full,/staff/api/v1/group-lessons/{group_lesson_public_id}/family-digest,143.006,1038.01,6750.0,9350.0,35.001,11.0
full,/staff/api/v1/classroom-assignment-plans/{plan_public_id}/delivery-latest,129.008,92.348,629.167,1532.5,2.0,0.0
full,/student/api/v1/courses/{course_public_id}/lessons/{group_lesson_public_id}/oral-windows/{window_public_id}/join,124.008,13.333,35.0,241.0,0.0,0.0
full,/staff/api/v1/statistics/recalculate,116.006,154.589,920.0,2440.0,5.0,0.0
full,/student/api/v1/thread-entries/{entry_public_id}/replace,110.004,81.944,193.75,248.75,1.0,1.0
full,/staff/api/v1/in-person-events/{event_public_id}/classroom-assignment-plan,88.004,127.829,414.286,1180.0,1.0,0.0
full,/staff/api/v1/group-lessons/{group_lesson_id}/metadata-grid,82.003,38.844,86.875,188.5,0.0,0.0
full,/student/api/v1/courses/{course_public_id}/notifications/preferences,81.003,25.901,98.757,398.75,0.0,0.0
full,/staff/api/v1/content/uploads/{revision_id}/diagnostics,81.003,75.058,49.687,3987.5,2.0,0.0
full,/staff/api/v1/questions/{thread_public_id}/entries,75.003,34.425,112.5,312.5,0.0,0.0
full,/staff/api/v1/statistics/summary,71.003,1297.0,2485.0,6450.0,58.002,1.0
full,/student/api/v1/notifications/preferences,70.003,45.718,85.0,825.0,0.0,0.0
full,/student/api/v1/notification-events/{event_public_id}/read,68.004,19.339,32.522,83.046,0.0,0.0
full,/student/api/v1/courses/{course_id}/enrollment,68.003,129.069,190.0,4150.0,2.0,0.0
full,/student/api/v1/notification-events,62.002,65.161,89.0,845.0,0.0,0.0
full,/{audience}/api/v1/questions/photos/{photo},59.002,170.226,381.25,852.5,0.0,0.0
full,/{audience}/api/v1/organizer-questions/photos/{photo},56.003,160.852,387.5,720.0,0.0,0.0
full,/student/api/v1/questions/{thread_public_id}/read,55.002,182.447,2708.333,4541.667,4.0,0.0
full,/staff/api/v1/group-banners,51.002,562.803,4031.249,7449.998,6.0,1.0
full,/student/api/v1/news/{post_id},49.002,253.184,182.5,8775.0,2.0,2.0
full,/staff/api/v1/content/revisions/{revision_id}/assets/resolve,47.002,536.984,941.667,7650.0,2.0,1.0
full,/{audience}/api/v1/organizer-questions/{question}/read,43.002,50.657,24.569,185.5,0.0,0.0
full,/staff/api/v1/student-results/{student}/overview,42.002,425.692,1450.0,2290.0,3.0,0.0
full,/staff/api/v1/content/uploads,42.002,1427.039,4916.667,10000.0,11.0,2.0
full,/{audience}/api/v1/organizer-questions/{question}/entries,35.002,85.194,562.5,912.5,0.0,0.0
full,/staff/api/v1/student-results/{student}/lessons/{course}/{number},34.002,530.008,2075.0,2415.0,6.0,0.0
full,/staff/api/v1/reviews/{review_public_id}/correction,34.001,80.534,215.0,830.0,0.0,0.0
full,/staff/api/v1/content/revisions/{revision_id}/compile,34.001,574.685,912.5,8300.0,1.0,1.0
full,/staff/api/v1/in-person-events,31.001,69.968,42.25,48.45,0.0,0.0
full,/staff/api/v1/student-results/directory,30.001,218.63,850.0,970.0,0.0,0.0
full,/staff/api/v1/in-person-events/{event_public_id}/classroom-assignment-plan/{plan_public_id}/students/{enrollment_public_id}/history,29.002,11.719,23.55,24.71,0.0,0.0
full,/family/api/v1/notification-events/{event_public_id}/read,29.001,27.235,141.25,228.25,0.0,0.0
full,/{audience}/api/v1/auth/logout,26.001,1044.202,6750.0,9350.0,4.0,2.0
full,/family/api/v1/notifications/preferences,25.001,14.334,68.75,93.75,0.0,0.0
full,/staff/api/v1/review/items/{queue_public_id}/transfer-preview,24.001,46.527,95.0,440.0,0.0,0.0
full,/student/api/v1/questions/{thread_public_id}/entries,23.001,19.702,48.75,88.5,0.0,0.0
full,/staff/api/v1/analytics/events,19.001,280.679,762.548,952.51,0.0,0.0
full,/staff/api/v1/analytics/summary,19.001,482.912,1787.644,2357.529,2.0,0.0
full,/staff/api/v1/student-results/{student}/attachments/{attachment},18.001,291.863,850.0,970.0,0.0,0.0
full,/family/api/v1/children/{student_public_id}/courses/{course_public_id}/enrollment,18.001,329.702,115.0,223.0,0.0,0.0
full,/staff/api/v1/review/items/{queue_public_id}/transfer,18.001,81.38,275.0,455.0,0.0,0.0
full,/family/api/v1/news/{post_id},18.001,447.567,23.962,24.792,1.0,1.0
full,/staff/api/v1/group-lessons/{group_lesson_id}/problem-release,16.001,229.044,1900.0,2380.0,2.0,0.0
full,/staff/api/v1/in-person-events/{event_public_id}/classroom-assignment-plan/recalculate,13.001,40.828,91.876,98.375,0.0,0.0
full,/staff/api/v1/news,13.001,342.638,2012.5,2402.5,2.0,0.0
full,/staff/api/v1/in-person-events/{event_public_id}/classroom-assignment-plan/{plan_public_id}/assignments,12.001,17.156,35.0,47.0,0.0,0.0
full,/staff/api/v1/classrooms,12.001,250.737,152.5,230.5,-1.0,0.0
full,/family/api/v1/notification-events,12.0,23.396,70.0,94.0,0.0,0.0
full,/staff/api/v1/in-person-events/{event_public_id}/classroom-layout,10.001,35.1,212.5,242.5,0.0,0.0
full,/{audience}/api/v1/auth/locale,10.001,443.505,175.0,235.0,0.0,0.0
full,/{audience}/api/v1/auth/sessions/{session_public_id},9.001,1565.306,7750.0,9550.0,2.0,1.0
full,/staff/api/v1/live-marking/sessions,8.0,17.718,80.0,96.0,0.0,0.0
full,/staff/api/v1/group-lessons/{group_lesson_public_id}/oral-windows,7.0,11.214,23.25,24.65,0.0,0.0
full,/student/api/v1/thread-entries/{entry_public_id}/attachments/order,7.0,98.193,190.0,238.0,0.0,0.0
full,/staff/api/v1/group-lessons,6.002,1880.923,9500.091,9900.018,3.002,4.001
full,/{audience}/api/v1/health,6.0,90.504,4.75,4.95,0.0,0.0
full,unmatched,6.0,58.879,4.75,4.95,0.0,0.0
full,/{audience}/api/v1/organizer-questions/photos,5.0,3013.245,4791.667,4958.333,4.0,0.0
full,/staff/api/v1/classroom-assignment-plans/{plan_public_id}/delivery-preview,5.0,26.335,47.917,49.583,0.0,0.0
full,/{audience}/api/v1/auth/logout-all,5.0,13.12,23.125,24.625,0.0,0.0
full,/staff/api/v1/group-lessons/{group_lesson_id}/blocks/{position}/publication,4.0,1460.884,4500.0,4900.0,2.0,0.0
full,/staff/api/v1/group-lessons/{group_lesson_id}/blocks/{position}/draft,4.0,12.292,24.0,24.8,0.0,0.0
full,/staff/api/v1/whiteboard-export/{group_lesson}/assets/{asset_id},4.0,158.616,240.0,248.0,0.0,0.0
full,/staff/api/v1/classroom-assignment-plans/{plan_public_id}/delivery-batches,4.0,176.648,242.5,248.5,0.0,0.0
full,/staff/api/v1/in-person-events/{event_public_id},4.0,8.07,22.0,24.4,0.0,0.0
full,/student/api/v1/questions/photos,4.0,2451.142,4500.0,4900.0,4.0,0.0
full,/staff/api/v1/news/local,3.0,438.381,2275.023,2455.005,1.0,0.0
full,/staff/api/v1/in-person-events/{event_public_id}/classroom-assignment-plan/{plan_public_id}/confirm,3.0,59.055,97.5,99.5,0.0,0.0
full,/staff/api/v1/group-lessons/{group_lesson_id}/lesson-window/schedule,2.03,5022.725,9503.65,9900.73,2.03,1.022
full,/staff/api/v1/group-lessons/{group_lesson_id}/metadata-grid/generate,2.0,51659.169,10000.0,10000.0,2.0,2.0
full,/staff/api/v1/in-person-events/{event_public_id}/classroom-layout/materialize,2.0,11.307,23.5,24.7,0.0,0.0
full,/staff/api/v1/in-person-events/{event_public_id}/classroom-layout/{layout_public_id}/confirm,2.0,9.969,23.5,24.7,0.0,0.0
full,/staff/api/v1/in-person-events/{event_public_id}/classroom-layout/{layout_public_id}/rooms,2.0,10.16,23.5,24.7,0.0,0.0
full,/staff/api/v1/content/revisions/{revision_id}/reprocess,1.001,117.031,242.5,248.5,0.0,0.0
full,/staff/api/v1/live-marking/sessions/{session_id}/finish,1.0,7.295,9.75,9.95,0.0,0.0
full,/staff/api/v1/whiteboard-export/{group_lesson},1.0,1321.42,2425.0,2485.0,1.0,0.0
full,/staff/api/legacy-print/v1/events,1.0,5.324,9.75,9.95,0.0,0.0
full,/staff/api/legacy-print/v1/events/{event_id}/previous-results,1.0,363.047,487.5,497.5,0.0,0.0
full,/staff/api/legacy-print/v1/events/{event_id}/pupils,1.0,13.627,24.25,24.85,0.0,0.0
full,/staff/api/v1/group-lessons/{group_lesson_public_id}/oral-windows/batch,1.0,13.58,24.25,24.85,0.0,0.0
full,/staff/api/v1/questions/photos,1.0,821.09,975.0,995.0,0.0,0.0
full,/staff/api/v1/courses/{course_public_id}/runtime-settings,0.0,,,,0.0,0.0
full,/staff/api/v1/group-lessons/{group_lesson_public_id}/oral-roster,0.0,,,,0.0,0.0
full,/staff/api/v1/student-results/{student}/problems/{problem}/condition/{revision},0.0,,,,0.0,0.0
full,/staff/api/v1/group-banners/{banner_id},0.0,,,,0.0,0.0
full,/staff/api/v1/group-lessons/{group_lesson_id}/blocks/files/uploads,0.0,,,,0.0,0.0
full,/staff/api/v1/rich-media/files/uploads,0.0,,,,0.0,0.0
full,/staff/api/v1/testing/session,0.0,,,,0.0,0.0
before_correction,/student/api/v1/courses/{course_id}/lessons/{group_lesson_id}/problems,110629.665,1847.346,9660.047,10000.0,26879.834,20528.165
before_correction,/student/api/v1/group-lessons/{group_lesson_id}/content/{kind},108569.448,1809.249,9647.648,10000.0,26402.784,20149.125
before_correction,/student/api/v1/courses/{course_id}/lessons,64266.776,695.134,6155.806,9602.306,8074.851,4075.43
before_correction,/{audience}/api/v1/auth/me,48577.122,1443.395,8442.324,10000.0,12982.369,6505.686
before_correction,/student/api/v1/courses,39928.21,1368.564,7526.201,9694.217,12722.341,3857.407
before_correction,/staff/api/v1/review/items,22687.922,54.56,127.144,568.233,112.014,44.006
before_correction,/student/api/v1/home,18822.985,1366.935,8482.022,10000.0,4554.48,2384.251
before_correction,/student/api/v1/push-subscriptions/config,17865.884,1549.771,7858.133,9763.627,6447.68,1965.207
before_correction,/{audience}/api/v1/runtime,16866.778,1353.203,4669.42,8244.67,8277.873,473.05
before_correction,/{audience}/api/v1/analytics/events,16491.739,871.559,5846.282,9506.659,3296.348,977.103
before_correction,/student/api/v1/problems/{problem_public_id}/thread,13977.474,776.182,6299.757,9691.99,1830.193,913.096
before_correction,/student/api/v1/offline-lessons,13951.471,310.992,2261.976,7978.896,838.088,323.034
before_correction,/student/api/v1/questions,12426.311,2620.498,9398.309,10000.0,5824.614,3145.332
before_correction,/student/api/v1/problems/{problem_public_id}/test-attempts,12064.31,492.567,4143.427,9220.851,978.104,487.052
before_correction,/student/api/v1/questions/attention,11864.251,3003.675,9510.244,10000.0,6411.676,3477.367
before_correction,/student/api/v1/problems/{problem_public_id}/test-input,8665.914,623.429,5134.04,9455.736,917.097,444.047
before_correction,/staff/api/v1/review/series/{problem_id}/{projection},7161.064,199.297,842.045,2278.035,219.033,23.003
before_correction,/{audience}/api/v1/branding,6375.672,305.696,2269.828,4582.412,687.072,26.003
before_correction,/{audience}/api/v1/auth/refresh,4483.473,420.119,3488.636,9213.095,368.039,151.016
before_correction,/student/api/v1/push-subscriptions,3743.395,846.692,5388.743,9308.115,779.082,202.021
before_correction,/student/api/v1/courses/{course_public_id}/lessons/{group_lesson_public_id}/oral-windows,3514.371,1315.957,8268.595,10000.0,831.088,413.044
before_correction,/{audience}/api/v1/organizer-questions,2261.238,1402.835,8658.514,10000.0,529.056,315.033
before_correction,/student/api/v1/thread-entries/{entry_public_id}/attachments/{attachment_public_id}/media,1890.237,324.924,966.418,6760.87,90.011,27.003
before_correction,/staff/api/v1/publications,1803.244,409.766,1535.41,7890.785,103.014,40.005
before_correction,/staff/api/v1/group-lessons/{group_lesson_id}/blocks,1776.238,379.771,1546.154,7811.111,103.014,38.005
before_correction,/staff/api/v1/group-lessons/{group_lesson_id}/lesson-window,1773.237,398.958,1878.333,7752.857,115.015,37.005
before_correction,/staff/api/v1/group-lessons/{group_lesson_id}/lesson-title,1770.237,389.524,1650.0,7469.697,108.014,34.005
before_correction,/{audience}/manifest.webmanifest,1646.207,243.852,1995.588,4423.171,150.019,7.001
before_correction,/staff/api/v1/thread-entries/{entry_public_id}/attachments/{attachment_public_id}/media,1633.238,243.223,743.817,2325.25,34.005,8.001
before_correction,/student/api/v1/banners/active,1621.171,1581.448,8698.43,10000.0,451.048,246.026
before_correction,/student/api/v1/classroom-assignments,1617.171,1548.193,8671.729,10000.0,446.047,238.025
before_correction,/student/api/v1/problems/{problem_public_id}/thread/entries,1384.174,114.598,236.5,5057.143,20.003,14.002
before_correction,/staff/api/v1/dashboard,1322.171,291.711,531.667,10000.0,38.005,21.003
before_correction,/student/api/v1/thread-entries/{entry_public_id}/submit,1232.155,129.718,377.632,3457.143,24.003,8.001
before_correction,/staff/api/v1/review/items/{queue_public_id}/claim,1069.159,104.057,243.066,2758.333,15.002,8.001
before_correction,/staff/api/v1/review/items/{queue_public_id}/complete,902.135,87.595,202.812,1990.0,11.002,3.0
before_correction,/family/api/v1/push-subscriptions/config,892.094,1023.155,7767.123,10000.0,156.016,85.009
before_correction,/staff/api/v1/content/revisions/{revision_id}/assets,864.177,595.003,2386.075,8089.873,70.01,21.003
before_correction,/family/api/v1/children/{student_public_id}/courses/{course_public_id}/lessons/{lesson_number},644.068,1862.514,10000.0,10000.0,117.012,103.011
before_correction,/family/api/v1/children/{student_public_id}/courses,633.067,1077.67,7788.793,9971.552,120.013,64.007
before_correction,/student/api/v1/thread-entries/{entry_public_id}/attachments,628.079,2479.583,7000.0,10000.0,525.066,47.006
before_correction,/student/api/v1/group-lessons/{group_lesson_id}/problems/{problem_id}/reveal/{kind},481.061,415.529,3987.5,9746.875,35.004,20.003
before_correction,/student/api/v1/courses/{course_id}/progress,443.056,631.32,5932.692,9340.385,41.005,27.003
before_correction,/staff/api/v1/statistics,402.062,1240.369,2476.75,4996.154,217.033,4.001
before_correction,/{audience}/api/v1/auth/sessions,371.047,1811.608,9063.725,10000.0,119.015,60.008
before_correction,/{audience}/api/v1/auth/login,346.044,1664.258,10000.0,10000.0,57.007,48.006
before_correction,/staff/api/v1/content/revisions/{revision_id}/figure-layout,327.063,2228.702,10000.0,10000.0,63.008,56.007
before_correction,/staff/api/v1/statistics/plus-table,323.053,996.831,2334.124,2475.584,138.023,0.0
before_correction,/family/api/v1/children/{student_public_id}/home,316.04,845.223,6733.333,10000.0,37.005,21.003
before_correction,/staff/api/v1/review/history,303.045,116.88,464.205,998.333,3.0,0.0
before_correction,/family/api/v1/push-subscriptions,238.03,88.318,197.5,3850.0,4.001,1.0
before_correction,/staff/api/v1/content/revisions/{revision_id}/previews/{preview},231.064,152.986,239.687,7112.5,6.002,4.001
before_correction,/student/api/v1/news,214.027,1351.103,8388.889,9974.074,48.006,29.004
before_correction,/staff/api/v1/review/items/{queue_public_id}/release,201.031,73.842,194.773,1742.5,3.0,1.0
before_correction,/staff/api/v1/review/items/{queue_public_id}/heartbeat,196.03,23.204,92.0,232.0,0.0,0.0
before_correction,/staff/api/v1/student-results/{student}/problems/{problem}/history,189.668,621.694,2210.714,2442.143,49.173,0.0
before_correction,/student/api/v1/questions/{thread_public_id},185.024,695.719,6916.667,9383.333,23.003,15.002
before_correction,/family/api/v1/banners/active,162.021,153.267,195.0,8450.0,3.0,3.0
before_correction,/family/api/v1/children/{student_public_id}/classroom-assignments,162.021,153.926,172.5,8450.0,3.0,3.0
before_correction,/staff/api/v1/content/revisions/{revision_id}/problem-matches,155.023,48.358,220.832,435.416,0.0,0.0
before_correction,/staff/api/v1/group-lessons/{group_lesson_public_id}/family-digest,108.014,1352.047,7545.455,9509.091,35.005,11.001
before_correction,/student/api/v1/reviews/{review_public_id}/reaction,104.015,100.707,350.0,2110.001,4.001,0.0
before_correction,/staff/api/v1/telegram-binding-owners,98.016,419.092,3812.5,8366.667,7.001,3.001
before_correction,/staff/api/v1/questions/{thread_public_id},72.01,235.977,130.0,10000.0,3.0,3.0
before_correction,/staff/api/v1/questions,62.008,411.495,3625.0,8450.0,4.001,2.0
before_correction,/staff/api/v1/content/uploads/{revision_id}/diagnostics,59.008,99.978,178.75,4262.5,2.0,0.0
before_correction,/staff/api/v1/courses,56.01,157.094,1150.0,3600.0,3.001,0.0
before_correction,/staff/api/v1/group-lessons/{group_lesson_id}/metadata-grid,56.008,41.196,93.334,208.0,0.0,0.0
before_correction,/student/api/v1/thread-entries/{entry_public_id}/replace,56.008,30.205,180.0,236.0,0.0,0.0
before_correction,/staff/api/v1/content/uploads,34.005,1428.704,10000.0,10000.0,6.001,2.0
before_correction,/family/api/v1/news,33.004,15.826,33.75,200.5,0.0,0.0
before_correction,/staff/api/v1/content/revisions/{revision_id}/assets/resolve,31.004,693.465,1675.0,8450.0,2.0,1.0
before_correction,/staff/api/v1/content/revisions/{revision_id}/compile,27.004,649.605,941.667,8650.0,1.0,1.0
before_correction,/staff/api/v1/questions/{thread_public_id}/entries,26.004,44.838,205.0,435.0,0.0,0.0
before_correction,/student/api/v1/notifications/preferences,23.003,69.396,24.882,885.0,0.0,0.0
before_correction,/staff/api/v1/student-results/{student}/overview,22.077,514.402,1675.0,2335.0,2.007,0.0
before_correction,/student/api/v1/courses/{course_public_id}/notifications/preferences,22.003,48.829,235.0,445.0,0.0,0.0
before_correction,/student/api/v1/notification-events,22.003,106.054,49.5,890.0,0.0,0.0
before_correction,/staff/api/v1/group-banners,18.006,1325.648,5499.264,9099.853,7.004,1.0
before_correction,/{audience}/api/v1/auth/logout,18.002,1453.803,7750.0,9550.0,4.001,2.0
before_correction,/staff/api/v1/student-results/{student}/lessons/{course}/{number},17.06,704.206,2245.0,2449.0,5.018,0.0
before_correction,/staff/api/v1/student-results/directory,17.003,268.958,893.75,978.75,0.0,0.0
before_correction,/{audience}/api/v1/questions/photos/{photo},17.003,146.887,287.5,457.5,0.0,0.0
before_correction,/staff/api/v1/student-results/{student}/attachments/{attachment},15.053,331.9,875.0,975.0,0.0,0.0
before_correction,/staff/api/v1/review/items/{queue_public_id}/transfer-preview,15.002,57.219,312.5,462.5,0.0,0.0
before_correction,/student/api/v1/questions/{thread_public_id}/read,15.002,624.001,4531.25,4906.25,4.001,0.0
before_correction,/student/api/v1/courses/{course_id}/enrollment,13.003,626.693,4187.5,4837.5,2.0,0.0
before_correction,/staff/api/v1/review/items/{queue_public_id}/transfer,12.002,94.016,350.0,470.0,0.0,0.0
before_correction,/staff/api/v1/reviews/{review_public_id}/correction,10.005,118.381,212.5,242.5,0.0,0.0
before_correction,/staff/api/v1/statistics/summary,10.002,2116.286,7500.0,9500.0,9.001,1.0
before_correction,/staff/api/v1/statistics/recalculate,9.03,248.02,775.0,955.0,0.0,0.0
before_correction,/family/api/v1/notification-events/{event_public_id}/read,9.003,11.098,23.65,24.73,0.0,0.0
before_correction,/staff/api/v1/group-lessons/{group_lesson_id}/problem-release,9.003,294.42,2162.5,2432.5,2.001,0.0
before_correction,/student/api/v1/questions/{thread_public_id}/entries,9.001,16.211,38.757,47.751,0.0,0.0
before_correction,/{audience}/api/v1/organizer-questions/{question},6.003,105.106,425.0,485.0,0.0,0.0
before_correction,/staff/api/v1/news,6.001,644.514,2275.0,2455.0,2.0,0.0
before_correction,/student/api/v1/news/{post_id},6.001,1951.288,9250.0,9850.0,2.0,2.0
before_correction,/staff/api/v1/in-person-events/{event_public_id}/classroom-assignment-plan,4.001,1116.466,4500.0,4900.0,1.0,0.0
before_correction,/staff/api/v1/in-person-events,4.001,417.075,2200.0,2440.0,1.0,0.0
before_correction,/staff/api/v1/group-lessons,3.041,3751.213,9250.0,9850.0,3.041,1.014
before_correction,/family/api/v1/notifications/preferences,3.001,7.967,22.757,24.557,0.0,0.0
before_correction,/staff/api/v1/group-lessons/{group_lesson_id}/lesson-window/schedule,2.03,5022.725,9503.65,9900.73,2.03,1.022
before_correction,/{audience}/api/v1/auth/sessions/{session_public_id},2.006,7013.695,9500.0,9900.0,2.006,1.003
before_correction,/staff/api/v1/group-lessons/{group_lesson_id}/blocks/{position}/publication,2.005,1051.238,2350.0,2470.0,1.002,0.0
before_correction,/staff/api/v1/group-lessons/{group_lesson_id}/blocks/{position}/draft,2.005,9.623,23.502,24.7,0.0,0.0
before_correction,/{audience}/api/v1/auth/locale,2.003,2110.734,4750.0,4950.0,1.001,0.0
before_correction,/staff/api/v1/testing/courses,2.001,2382.894,4750.0,4950.0,1.0,0.0
before_correction,/family/api/v1/notification-events,2.001,26.343,48.75,49.75,0.0,0.0
before_correction,/family/api/v1/news/{post_id},2.0,23.191,23.5,24.7,0.0,0.0
before_correction,/staff/api/v1/news/local,1.003,379.776,487.797,497.81,0.001,0.0
before_correction,/staff/api/v1/content/revisions/{revision_id}/reprocess,1.001,117.031,242.5,248.5,0.0,0.0
before_correction,/{audience}/api/v1/organizer-questions/photos/{photo},1.001,94.708,97.5,99.5,0.0,0.0
before_correction,/staff/api/v1/live-marking/directory,1.0,66.72,97.5,99.5,0.0,0.0
before_correction,/staff/api/v1/live-marking/sessions/{session_id}/visits,1.0,170.41,487.5,497.5,0.0,0.0
before_correction,/staff/api/v1/live-marking/{resource},1.0,80.631,97.5,99.5,0.0,0.0
before_correction,/staff/api/v1/live-marking/catalog,1.0,7794.537,24.25,24.85,0.0,0.0
before_correction,/staff/api/v1/analytics/events,0.0,,,,0.0,0.0
before_correction,/staff/api/v1/analytics/summary,0.0,,,,0.0,0.0
before_correction,/staff/api/v1/classrooms,0.0,,,,0.0,0.0
before_correction,/staff/api/v1/courses/{course_public_id}/runtime-settings,0.0,,,,0.0,0.0
before_correction,/staff/api/v1/student-enrollments,0.0,,,,0.0,0.0
before_correction,/staff/api/v1/student-results/{student}/problems/{problem}/condition/{revision},0.0,,,,0.0,0.0
before_correction,/staff/api/v1/whiteboard-export,0.0,,,,0.0,0.0
before_correction,/{audience}/api/v1/health,0.0,,4.75,4.95,0.0,0.0
before_correction,unmatched,0.0,,4.75,4.95,0.0,0.0
before_correction,/family/api/v1/children/{student_public_id}/courses/{course_public_id}/enrollment,0.0,,,,0.0,0.0
before_correction,/student/api/v1/thread-entries/{entry_public_id}/attachments/order,0.0,,24.25,24.85,0.0,0.0
before_correction,/staff/api/v1/group-lessons/{group_lesson_id}/blocks/files/uploads,0.0,,,,0.0,0.0
before_correction,/staff/api/v1/questions/photos,0.0,,,,0.0,0.0
before_correction,/staff/api/v1/rich-media/files/uploads,0.0,,,,0.0,0.0
before_correction,/staff/api/v1/testing/session,0.0,,,,0.0,0.0
before_correction,/student/api/v1/notification-events/{event_public_id}/read,0.0,,9.75,9.95,0.0,0.0
before_correction,/student/api/v1/questions/photos,0.0,,,,0.0,0.0
before_correction,/{audience}/api/v1/auth/logout-all,0.0,,,,0.0,0.0
before_correction,/{audience}/api/v1/organizer-questions/{question}/read,0.0,,,,0.0,0.0
after_correction,/student/api/v1/courses/{course_id}/lessons/{group_lesson_id}/problems,148733.848,161.009,428.702,3008.478,3156.145,705.032
after_correction,/student/api/v1/group-lessons/{group_lesson_id}/content/{kind},143271.596,146.307,414.311,3053.852,3091.142,690.032
after_correction,/student/api/v1/courses/{course_id}/lessons,90034.145,55.692,165.796,983.289,875.04,120.006
after_correction,/{audience}/api/v1/auth/me,73633.39,80.334,351.051,1760.018,1017.047,136.006
after_correction,/student/api/v1/courses,44296.039,88.22,235.189,2436.467,939.043,15.001
after_correction,/student/api/v1/home,25062.154,106.845,342.462,2794.531,597.027,53.002
after_correction,/{audience}/api/v1/analytics/events,22362.03,43.019,82.23,477.864,129.006,6.0
after_correction,/student/api/v1/offline-lessons,21312.981,55.063,179.769,1376.258,252.012,12.001
after_correction,/staff/api/v1/review/items,20227.109,59.075,267.878,748.845,37.002,1.0
after_correction,/student/api/v1/push-subscriptions/config,18685.86,102.282,353.441,2843.75,492.023,4.0
after_correction,/student/api/v1/problems/{problem_public_id}/test-attempts,16741.771,92.841,232.056,1949.286,225.01,38.002
after_correction,/staff/api/v1/review/series/{problem_id}/{projection},15987.877,207.521,701.719,960.409,62.003,0.0
after_correction,/student/api/v1/questions,12602.58,114.508,242.461,3583.628,246.011,62.003
after_correction,/{audience}/api/v1/branding,12267.565,15.22,19.532,393.022,39.002,0.0
after_correction,/student/api/v1/questions/attention,11219.517,125.555,248.267,3974.635,253.012,56.003
after_correction,/student/api/v1/problems/{problem_public_id}/test-input,11164.514,122.946,249.979,2897.619,211.01,41.002
after_correction,/{audience}/api/v1/runtime,10610.489,46.16,75.781,1799.0,186.009,0.0
after_correction,/staff/api/v1/live-marking/{resource},10556.492,204.185,847.394,1465.098,153.007,0.0
after_correction,/student/api/v1/problems/{problem_public_id}/thread,10254.472,157.853,397.029,3622.152,209.01,59.003
after_correction,/{audience}/api/v1/auth/refresh,8863.408,86.586,199.428,2513.603,167.008,21.001
after_correction,/{audience}/api/v1/organizer-questions,6720.368,39.576,89.912,426.0,27.001,2.0
after_correction,/student/api/v1/push-subscriptions,6019.277,50.516,181.079,884.205,50.002,1.0
after_correction,/staff/api/v1/thread-entries/{entry_public_id}/attachments/{attachment_public_id}/media,5739.315,3668.459,10000.0,10000.0,1232.068,591.032
after_correction,/student/api/v1/classroom-assignments,3406.187,61.649,161.63,495.268,20.001,2.0
after_correction,/student/api/v1/banners/active,3404.187,52.836,149.355,610.0,20.001,2.0
after_correction,/student/api/v1/courses/{course_public_id}/lessons/{group_lesson_public_id}/oral-windows,3149.145,130.307,265.302,4309.868,71.003,21.001
after_correction,/{audience}/manifest.webmanifest,2762.127,19.292,25.608,659.5,14.001,0.0
after_correction,/staff/api/v1/statistics,1893.088,1150.971,2402.117,2942.391,1121.052,0.0
after_correction,/family/api/v1/push-subscriptions/config,1790.082,142.8,655.405,4319.444,64.003,13.001
after_correction,/staff/api/v1/testing/courses,1695.093,56.714,323.042,696.739,3.0,0.0
after_correction,/student/api/v1/thread-entries/{entry_public_id}/attachments/{attachment_public_id}/media,1636.075,890.588,2630.435,10000.0,106.005,60.003
after_correction,/staff/api/v1/live-marking/operations,1606.078,707.811,1930.861,2391.914,210.01,0.0
after_correction,/staff/api/v1/live-marking/sessions/{session_id}/visits,1490.069,354.164,964.167,2078.302,53.002,0.0
after_correction,/staff/api/v1/dashboard,1470.055,121.942,580.189,1825.0,29.001,2.0
after_correction,/staff/api/v1/review/items/{queue_public_id}/claim,1301.071,35.402,171.815,424.875,4.0,0.0
after_correction,/student/api/v1/group-lessons/{group_lesson_id}/problems/{problem_id}/reveal/{kind},1297.071,47.099,129.866,425.75,6.0,1.0
after_correction,/student/api/v1/problems/{problem_public_id}/thread/entries,1004.046,52.714,178.971,471.111,4.0,2.0
after_correction,/staff/api/v1/review/items/{queue_public_id}/complete,993.054,37.455,135.284,418.611,1.0,0.0
after_correction,/family/api/v1/children/{student_public_id}/home,925.043,236.816,451.509,3046.875,23.001,3.0
after_correction,/staff/api/v1/live-marking/catalog,897.042,62.047,400.682,834.048,2.0,0.0
after_correction,/student/api/v1/thread-entries/{entry_public_id}/submit,881.041,48.493,203.5,456.705,2.0,1.0
after_correction,/student/api/v1/courses/{course_id}/progress,853.039,219.947,416.741,2400.625,16.001,1.0
after_correction,/family/api/v1/children/{student_public_id}/courses/{course_public_id}/lessons/{lesson_number},771.035,238.743,772.5,5921.429,34.002,9.0
after_correction,/family/api/v1/children/{student_public_id}/courses,733.034,122.178,470.536,3797.222,21.001,3.0
after_correction,/family/api/v1/banners/active,726.04,83.088,84.13,2962.5,9.0,4.0
after_correction,/{audience}/api/v1/auth/sessions,726.04,34.262,56.538,842.5,6.0,0.0
after_correction,/family/api/v1/children/{student_public_id}/classroom-assignments,716.039,72.913,71.538,480.0,6.0,3.0
after_correction,/staff/api/v1/publications,694.032,181.552,777.381,1849.375,16.001,0.0
after_correction,/staff/api/v1/group-lessons/{group_lesson_id}/blocks,689.032,156.065,729.255,1351.667,9.0,0.0
after_correction,/staff/api/v1/group-lessons/{group_lesson_id}/lesson-title,684.032,160.943,764.444,1710.769,13.001,0.0
after_correction,/staff/api/v1/group-lessons/{group_lesson_id}/lesson-window,684.032,158.04,722.5,1645.0,12.001,0.0
after_correction,/family/api/v1/push-subscriptions,629.029,39.612,122.188,397.187,1.0,1.0
after_correction,/staff/api/v1/live-marking/directory,609.028,109.967,402.083,829.583,2.0,0.0
after_correction,/{audience}/api/v1/auth/login,537.025,330.415,503.75,1489.0,7.0,2.0
after_correction,/staff/api/v1/whiteboard-export,528.025,75.812,453.448,962.353,4.0,0.0
after_correction,/student/api/v1/thread-entries/{entry_public_id}/attachments,504.023,3489.93,9744.186,10000.0,380.021,66.003
after_correction,/staff/api/v1/review/history,488.023,95.102,422.5,796.667,0.0,0.0
after_correction,/staff/api/v1/live-marking/condition,471.03,176.416,830.625,1991.875,10.001,0.0
after_correction,/student/api/v1/news,439.024,28.677,65.25,486.071,1.0,0.0
after_correction,/{audience}/api/v1/organizer-questions/{question},379.019,17.522,42.227,145.375,0.0,0.0
after_correction,/staff/api/v1/review/items/{queue_public_id}/heartbeat,379.018,35.345,190.5,459.318,1.0,0.0
after_correction,/staff/api/v1/review/items/{queue_public_id}/release,345.019,31.677,176.293,247.672,0.0,0.0
after_correction,/staff/api/v1/live-marking/visits,278.013,60.685,239.444,652.5,0.0,0.0
after_correction,/student/api/v1/questions/{thread_public_id},250.012,75.216,232.143,850.0,1.0,1.0
after_correction,/staff/api/v1/student-enrollments,187.009,285.503,796.739,959.348,0.0,0.0
after_correction,/staff/api/v1/courses,164.008,191.279,726.667,945.333,0.0,0.0
after_correction,/staff/api/v1/group-lessons/{group_lesson_public_id}/oral-windows/planning,156.009,122.063,622.222,968.889,1.0,0.0
after_correction,/family/api/v1/news,145.008,12.93,24.934,141.25,0.0,0.0
after_correction,/staff/api/v1/telegram-binding-owners,145.007,148.079,761.364,1412.5,2.0,0.0
after_correction,/staff/api/v1/questions,144.007,17.779,48.421,196.0,0.0,0.0
after_correction,/staff/api/v1/classroom-assignment-plans/{plan_public_id}/delivery-latest,129.008,92.348,629.167,1532.5,2.0,0.0
after_correction,/staff/api/v1/questions/{thread_public_id},127.006,17.852,40.208,236.5,0.0,0.0
after_correction,/student/api/v1/courses/{course_public_id}/lessons/{group_lesson_public_id}/oral-windows/{window_public_id}/join,124.008,13.333,35.0,241.0,0.0,0.0
after_correction,/staff/api/v1/statistics/recalculate,106.005,147.872,962.5,2477.5,5.0,0.0
after_correction,/staff/api/v1/statistics/plus-table,106.005,1193.509,2433.109,3675.0,76.004,0.0
after_correction,/staff/api/v1/content/revisions/{revision_id}/figure-layout,106.005,91.592,233.572,985.0,1.0,0.0
after_correction,/staff/api/v1/in-person-events/{event_public_id}/classroom-assignment-plan,84.004,80.365,421.429,1240.0,1.0,0.0
after_correction,/staff/api/v1/content/revisions/{revision_id}/previews/{preview},81.004,26.991,61.875,128.5,0.0,0.0
after_correction,/student/api/v1/notification-events/{event_public_id}/read,67.004,19.283,66.25,332.5,0.0,0.0
after_correction,/staff/api/v1/statistics/summary,60.003,1162.699,2406.251,2481.25,48.003,0.0
after_correction,/student/api/v1/courses/{course_public_id}/notifications/preferences,59.003,17.272,76.256,352.5,0.0,0.0
after_correction,/{audience}/api/v1/organizer-questions/photos/{photo},54.003,161.882,393.75,730.0,0.0,0.0
after_correction,/student/api/v1/courses/{course_id}/enrollment,54.003,11.508,35.833,169.0,0.0,0.0
after_correction,/student/api/v1/thread-entries/{entry_public_id}/replace,54.002,135.382,207.5,7300.0,1.0,1.0
after_correction,/staff/api/v1/content/revisions/{revision_id}/problem-matches,53.002,37.19,117.5,223.5,0.0,0.0
after_correction,/staff/api/v1/questions/{thread_public_id}/entries,49.002,28.373,88.75,213.25,0.0,0.0
after_correction,/student/api/v1/notifications/preferences,47.002,33.835,86.5,765.0,0.0,0.0
after_correction,/student/api/v1/reviews/{review_public_id}/reaction,45.002,19.502,87.502,216.25,0.0,0.0
after_correction,/{audience}/api/v1/organizer-questions/{question}/read,43.002,32.749,24.942,785.0,0.0,0.0
after_correction,/staff/api/v1/student-results/{student}/problems/{problem}/history,42.002,519.291,1712.5,2342.5,4.0,0.0
after_correction,/student/api/v1/news/{post_id},42.002,16.048,47.5,187.0,0.0,0.0
after_correction,/{audience}/api/v1/questions/photos/{photo},41.002,181.396,487.5,897.5,0.0,0.0
after_correction,/student/api/v1/questions/{thread_public_id}/read,40.002,16.551,43.75,80.0,0.0,0.0
after_correction,/student/api/v1/notification-events,40.002,42.381,90.0,800.0,0.0,0.0
after_correction,/{audience}/api/v1/organizer-questions/{question}/entries,35.002,85.194,562.5,912.5,0.0,0.0
after_correction,/staff/api/v1/group-lessons/{group_lesson_public_id}/family-digest,34.002,68.463,287.5,457.5,0.0,0.0
after_correction,/staff/api/v1/group-banners,33.002,131.638,793.75,958.75,0.0,0.0
after_correction,/staff/api/v1/in-person-events/{event_public_id}/classroom-assignment-plan/{plan_public_id}/students/{enrollment_public_id}/history,29.002,11.719,23.55,24.71,0.0,0.0
after_correction,/staff/api/v1/in-person-events,27.001,17.909,43.25,48.65,0.0,0.0
after_correction,/staff/api/v1/group-lessons/{group_lesson_id}/metadata-grid,25.001,33.669,68.75,93.75,0.0,0.0
after_correction,/staff/api/v1/reviews/{review_public_id}/correction,23.001,66.282,227.5,885.0,0.0,0.0
after_correction,/family/api/v1/notifications/preferences,21.001,15.857,49.38,89.504,0.0,0.0
after_correction,/staff/api/v1/content/uploads/{revision_id}/diagnostics,21.001,8.392,22.375,24.475,0.0,0.0
after_correction,/staff/api/v1/content/revisions/{revision_id}/assets,20.001,238.872,1000.0,2200.0,1.0,0.0
after_correction,/staff/api/v1/analytics/events,19.001,192.42,762.549,952.51,0.0,0.0
after_correction,/staff/api/v1/analytics/summary,19.001,357.469,1787.646,2357.529,2.001,0.0
after_correction,/family/api/v1/children/{student_public_id}/courses/{course_public_id}/enrollment,18.001,27.561,115.061,223.064,0.0,0.0
after_correction,/staff/api/v1/student-results/{student}/overview,16.001,322.791,1300.0,2260.0,1.0,0.0
after_correction,/family/api/v1/notification-events/{event_public_id}/read,16.001,41.303,190.0,238.0,0.0,0.0
after_correction,/family/api/v1/news/{post_id},16.001,495.728,6000.0,9200.0,1.0,1.0
after_correction,/staff/api/v1/content/revisions/{revision_id}/assets/resolve,14.001,218.459,475.001,495.0,0.0,0.0
after_correction,/staff/api/v1/student-results/{student}/lessons/{course}/{number},14.001,343.801,1450.0,2290.0,1.0,0.0
after_correction,/student/api/v1/questions/{thread_public_id}/entries,14.001,20.878,65.0,93.0,0.0,0.0
after_correction,/staff/api/v1/in-person-events/{event_public_id}/classroom-assignment-plan/recalculate,13.001,40.828,91.876,98.375,0.0,0.0
after_correction,/staff/api/v1/in-person-events/{event_public_id}/classroom-assignment-plan/{plan_public_id}/assignments,12.001,17.156,35.0,47.0,0.0,0.0
after_correction,/staff/api/v1/classrooms,12.001,24.413,160.0,232.0,0.0,0.0
after_correction,/staff/api/v1/student-results/directory,12.001,162.58,700.0,940.0,0.0,0.0
after_correction,/staff/api/v1/in-person-events/{event_public_id}/classroom-layout,10.001,35.1,212.5,242.5,0.0,0.0
after_correction,/family/api/v1/notification-events,9.0,19.087,44.378,48.878,0.0,0.0
after_correction,/staff/api/v1/live-marking/sessions,8.0,17.718,80.0,96.0,0.0,0.0
after_correction,/{audience}/api/v1/auth/locale,8.0,25.323,190.0,238.0,0.0,0.0
after_correction,/staff/api/v1/review/items/{queue_public_id}/transfer-preview,8.0,27.466,80.0,96.0,0.0,0.0
after_correction,/staff/api/v1/group-lessons/{group_lesson_id}/problem-release,7.0,143.107,470.833,494.167,0.0,0.0
after_correction,/staff/api/v1/group-lessons/{group_lesson_public_id}/oral-windows,7.0,11.214,23.25,24.65,0.0,0.0
after_correction,/{audience}/api/v1/auth/logout,7.0,137.75,825.0,965.0,0.0,0.0
after_correction,/staff/api/v1/content/uploads,7.0,1394.521,4125.0,4825.0,4.0,0.0
after_correction,/student/api/v1/thread-entries/{entry_public_id}/attachments/order,7.0,34.829,197.5,239.5,0.0,0.0
after_correction,/{audience}/api/v1/auth/sessions/{session_public_id},6.0,7.373,9.75,9.95,0.0,0.0
after_correction,/staff/api/v1/news,6.0,94.885,425.0,485.0,0.0,0.0
after_correction,/{audience}/api/v1/health,6.0,1.764,4.75,4.95,0.0,0.0
after_correction,unmatched,6.0,1.398,4.75,4.95,0.0,0.0
after_correction,/staff/api/v1/content/revisions/{revision_id}/compile,6.0,283.253,850.0,970.0,0.0,0.0
after_correction,/{audience}/api/v1/organizer-questions/photos,5.0,3013.245,4791.667,4958.333,4.0,0.0
after_correction,/staff/api/v1/classroom-assignment-plans/{plan_public_id}/delivery-preview,5.0,26.335,47.917,49.583,0.0,0.0
after_correction,/{audience}/api/v1/auth/logout-all,5.0,12.524,23.125,24.625,0.0,0.0
after_correction,/staff/api/v1/review/items/{queue_public_id}/transfer,5.0,50.161,93.75,98.75,0.0,0.0
after_correction,/staff/api/v1/whiteboard-export/{group_lesson}/assets/{asset_id},4.0,158.616,240.0,248.0,0.0,0.0
after_correction,/staff/api/v1/classroom-assignment-plans/{plan_public_id}/delivery-batches,4.0,176.648,242.5,248.5,0.0,0.0
after_correction,/staff/api/v1/in-person-events/{event_public_id},4.0,8.07,22.0,24.4,0.0,0.0
after_correction,/student/api/v1/questions/photos,4.0,2260.285,4500.0,4900.0,4.0,0.0
after_correction,/staff/api/v1/in-person-events/{event_public_id}/classroom-assignment-plan/{plan_public_id}/confirm,3.0,59.055,97.5,99.5,0.0,0.0
after_correction,/staff/api/v1/group-lessons/{group_lesson_id}/metadata-grid/generate,2.0,51659.169,10000.0,10000.0,2.0,2.0
after_correction,/staff/api/v1/in-person-events/{event_public_id}/classroom-layout/materialize,2.0,11.307,23.5,24.7,0.0,0.0
after_correction,/staff/api/v1/in-person-events/{event_public_id}/classroom-layout/{layout_public_id}/confirm,2.0,9.969,23.5,24.7,0.0,0.0
after_correction,/staff/api/v1/in-person-events/{event_public_id}/classroom-layout/{layout_public_id}/rooms,2.0,10.16,23.5,24.7,0.0,0.0
after_correction,/staff/api/v1/student-results/{student}/attachments/{attachment},2.0,86.996,97.501,99.501,0.0,0.0
after_correction,/staff/api/v1/news/local,1.0,833.624,975.0,995.0,0.0,0.0
after_correction,/staff/api/v1/group-lessons/{group_lesson_id}/blocks/{position}/publication,1.0,3731.796,4875.0,4975.0,1.0,0.0
after_correction,/staff/api/v1/group-lessons/{group_lesson_id}/blocks/{position}/draft,1.0,15.202,24.25,24.85,0.0,0.0
after_correction,/staff/api/v1/live-marking/sessions/{session_id}/finish,1.0,7.295,9.75,9.95,0.0,0.0
after_correction,/staff/api/v1/whiteboard-export/{group_lesson},1.0,1321.42,2425.0,2485.0,1.0,0.0
after_correction,/staff/api/legacy-print/v1/events,1.0,5.324,9.75,9.95,0.0,0.0
after_correction,/staff/api/legacy-print/v1/events/{event_id}/previous-results,1.0,363.047,487.5,497.5,0.0,0.0
after_correction,/staff/api/legacy-print/v1/events/{event_id}/pupils,1.0,13.627,24.25,24.85,0.0,0.0
after_correction,/staff/api/v1/group-lessons/{group_lesson_public_id}/oral-windows/batch,1.0,13.58,24.25,24.85,0.0,0.0
after_correction,/staff/api/v1/group-lessons/{group_lesson_public_id}/oral-roster,0.0,,,,0.0,0.0
after_correction,/staff/api/v1/group-banners/{banner_id},0.0,,,,0.0,0.0
after_correction,/staff/api/v1/group-lessons,0.0,,,,0.0,0.0
after_correction,/staff/api/v1/questions/photos,0.0,,,,0.0,0.0
