route,estimated_requests,mean_ms,estimated_p95_ms,estimated_over_1s
/student/api/v1/courses/{course_id}/lessons/{group_lesson_id}/problems,39296.41,90.62,202.43,435.04
/student/api/v1/group-lessons/{group_lesson_id}/content/{kind},37374.24,88.08,198.92,433.04
/{audience}/api/v1/auth/me,36960.21,16.58,33.17,141.01
/student/api/v1/courses/{course_id}/lessons,20480.78,35.0,49.95,136.01
/student/api/v1/problems/{problem_public_id}/test-attempts,17652.53,45.52,97.67,92.01
/student/api/v1/problems/{problem_public_id}/thread,17493.52,68.21,193.81,123.01
/staff/api/v1/review/items,15353.33,19.66,71.29,2.0
/staff/api/v1/review/series/{problem_id}/{projection},14707.28,95.2,246.18,42.0
/student/api/v1/courses,13879.2,33.87,46.07,126.01
/student/api/v1/problems/{problem_public_id}/test-input,13518.17,52.84,99.19,95.01
/{audience}/api/v1/analytics/events,13491.17,15.36,38.01,2.0
/student/api/v1/push-subscriptions/config,12625.1,36.42,45.14,127.01
/student/api/v1/questions,6855.6,15.95,46.39,2.0
/{audience}/api/v1/auth/refresh,5004.43,32.2,32.82,31.0
/{audience}/api/v1/runtime,3500.3,0.78,4.75,0.0
/staff/api/v1/thread-entries/{entry_public_id}/attachments/{attachment_public_id}/media,3402.3,245.62,499.75,10.0
/student/api/v1/courses/{course_public_id}/lessons/{group_lesson_public_id}/oral-windows,3238.28,14.53,64.23,0.0
/student/api/v1/push-subscriptions,3018.26,8.6,24.39,1.0
/{audience}/api/v1/organizer-questions,2296.2,15.02,34.58,1.0
/student/api/v1/thread-entries/{entry_public_id}/attachments/{attachment_public_id}/media,1644.14,157.02,340.68,0.0
/student/api/v1/problems/{problem_public_id}/thread/entries,1408.12,11.91,29.52,1.0
/student/api/v1/home,1398.12,25.59,39.25,5.0
/student/api/v1/banners/active,1363.12,16.13,36.68,1.0
/student/api/v1/classroom-assignments,1362.12,22.72,46.48,1.0
/student/api/v1/thread-entries/{entry_public_id}/submit,1268.11,14.18,47.34,0.0
/staff/api/v1/review/items/{queue_public_id}/claim,1222.11,11.36,31.36,0.0
/staff/api/v1/review/items/{queue_public_id}/complete,1087.09,17.29,40.58,0.0
/family/api/v1/push-subscriptions/config,796.07,27.81,24.04,6.0
/student/api/v1/group-lessons/{group_lesson_id}/problems/{problem_id}/reveal/{kind},738.06,8.63,20.84,0.0
/student/api/v1/thread-entries/{entry_public_id}/attachments,662.06,1913.92,4438.81,520.05
/student/api/v1/courses/{course_id}/progress,443.04,35.76,47.87,2.0
/staff/api/v1/review/history,418.04,46.08,99.12,0.0
/{audience}/api/v1/auth/sessions,418.04,47.82,42.27,4.0
/family/api/v1/children/{student_public_id}/courses/{course_public_id}/lessons/{lesson_number},412.04,53.32,66.92,4.0
/family/api/v1/children/{student_public_id}/courses,399.03,27.83,22.24,4.0
/family/api/v1/push-subscriptions,382.03,8.1,24.15,0.0
/family/api/v1/children/{student_public_id}/home,372.03,54.62,49.64,4.0
/staff/api/v1/statistics,359.03,466.96,931.1,1.0
/staff/api/v1/dashboard,352.03,21.32,67.0,0.0
/family/api/v1/banners/active,261.02,14.11,33.25,0.0
/family/api/v1/children/{student_public_id}/classroom-assignments,261.02,17.47,39.95,0.0
/student/api/v1/reviews/{review_public_id}/reaction,220.02,8.39,25.0,0.0
/staff/api/v1/review/items/{queue_public_id}/heartbeat,209.02,11.18,24.38,0.0
/student/api/v1/news,205.02,156.91,24.31,4.0
/staff/api/v1/review/items/{queue_public_id}/release,188.02,10.02,24.87,0.0
/staff/api/v1/live-marking/{resource},135.01,43.19,216.07,0.0
/staff/api/v1/student-enrollments,125.01,134.08,357.95,0.0
/{audience}/api/v1/auth/login,122.01,231.62,444.57,0.0
/family/api/v1/news,121.01,11.81,24.12,0.0
/staff/api/v1/analytics/events,63.01,66.38,209.69,0.0
/staff/api/v1/analytics/summary,63.01,268.08,483.59,0.0
/student/api/v1/questions/{thread_public_id},61.01,19.49,61.87,0.0
/staff/api/v1/news,58.01,18.38,105.0,0.0
/staff/api/v1/questions,57.0,8.25,21.71,0.0
/staff/api/v1/content/revisions/{revision_id}/previews/{preview},55.02,28.93,65.62,0.0
/student/api/v1/news/{post_id},50.0,9.55,23.88,0.0
/staff/api/v1/live-marking/sessions/{session_id}/visits,47.0,115.96,443.75,0.0
/family/api/v1/news/{post_id},46.0,9.03,22.7,0.0
/student/api/v1/thread-entries/{entry_public_id}/replace,44.0,15.37,63.33,0.0
/staff/api/v1/live-marking/catalog,42.0,38.98,208.75,0.0
/student/api/v1/notifications/preferences,40.0,10.07,23.33,0.0
/staff/api/v1/content/uploads/{revision_id}/diagnostics,39.02,9.85,23.9,0.0
/staff/api/v1/courses,38.01,19.52,107.5,0.0
/student/api/v1/courses/{course_public_id}/notifications/preferences,38.0,5.07,17.87,0.0
/staff/api/v1/questions/{thread_public_id},37.0,7.95,20.75,0.0
/student/api/v1/notification-events,36.0,13.84,24.57,0.0
/staff/api/v1/live-marking/directory,27.0,56.23,223.75,0.0
/{audience}/api/v1/organizer-questions/{question},26.0,10.33,22.83,0.0
/student/api/v1/notification-events/{event_public_id}/read,26.0,7.88,20.5,0.0
/staff/api/v1/publications,25.01,30.12,87.55,0.0
/staff/api/v1/content/revisions/{revision_id}/problem-matches,23.01,18.58,48.13,0.0
/staff/api/v1/group-lessons/{group_lesson_id}/blocks,21.0,15.45,45.62,0.0
/staff/api/v1/group-lessons/{group_lesson_id}/lesson-title,21.0,24.05,73.75,0.0
/staff/api/v1/group-lessons/{group_lesson_id}/lesson-window,21.0,19.48,45.62,0.0
/student/api/v1/thread-entries/{entry_public_id}/attachments/order,20.0,11.92,25.0,0.0
/staff/api/v1/content/revisions/{revision_id}/assets/resolve,18.01,206.07,387.5,0.0
/staff/api/v1/staff-access,18.01,26.23,115.0,0.0
/{audience}/api/v1/auth/locale,18.0,4.94,11.5,0.0
/student/api/v1/courses/{course_id}/enrollment,17.0,12.27,57.5,0.0
/staff/api/v1/group-lessons/{group_lesson_public_id}/family-digest,16.0,26.03,60.0,0.0
/staff/api/v1/content/revisions/{revision_id}/compile,14.01,195.93,441.67,0.0
/staff/api/v1/content/revisions/{revision_id}/assets,13.01,163.4,675.01,0.0
/staff/api/v1/questions/{thread_public_id}/entries,13.0,14.85,33.75,0.0
/staff/api/v1/content/uploads,11.0,428.36,2087.92,2.0
/staff/api/v1/reviews/{review_public_id}/correction,11.0,41.22,362.5,0.0
/staff/api/v1/group-banners,10.0,36.99,375.04,0.0
/family/api/v1/notifications/preferences,9.0,11.26,23.31,0.0
/staff/api/v1/testing/courses,9.0,5.91,21.63,0.0
/{audience}/api/v1/organizer-questions/photos/{photo},8.09,150.07,242.5,0.0
/staff/api/v1/news/local,8.0,439.39,800.0,0.0
/staff/api/v1/group-lessons/{group_lesson_id}/metadata-grid,8.0,21.47,45.0,0.0
/staff/api/v1/statistics/recalculate,8.0,17.1,40.0,0.0
/staff/api/v1/live-marking/operations,8.0,103.12,238.0,0.0
/staff/api/v1/review/items/{queue_public_id}/transfer,8.0,31.6,48.33,0.0
/staff/api/v1/review/items/{queue_public_id}/transfer-preview,8.0,15.57,40.0,0.0
/staff/api/v1/telegram-binding-owners,7.0,7.8,22.37,0.0
/staff/api/v1/whiteboard-export,7.0,5.72,19.75,0.0
/staff/api/v1/live-marking/visits,6.0,22.19,42.5,0.0
/staff/api/v1/content/revisions/{revision_id}/figure-layout,5.0,10.18,23.12,0.0
/staff/api/v1/whiteboard-export/{group_lesson}/assets/{asset_id},5.0,182.24,437.5,0.0
/staff/api/v1/group-lessons/{group_lesson_public_id}/oral-windows/planning,4.0,6.46,22.0,0.0
/family/api/v1/notification-events,4.0,19.85,45.0,0.0
/staff/api/v1/student-results/{student}/overview,4.0,28.8,90.0,0.0
/{audience}/api/v1/organizer-questions/{question}/read,4.0,26.86,90.0,0.0
/staff/api/v1/group-lessons/{group_lesson_public_id}/oral-windows,3.0,11.01,23.88,0.0
/staff/api/v1/student-results/directory,3.0,24.25,227.5,0.0
/{audience}/api/v1/auth/logout,3.0,12.23,23.88,0.0
/{audience}/api/v1/organizer-questions/{question}/entries,3.0,75.45,227.5,0.0
/staff/api/v1/courses/{course_public_id}/runtime-settings,2.0,4.12,4.75,0.0
/staff/api/v1/problems/{problem_public_id}/recheck-test-attempts,2.0,10570.3,10000.0,2.0
/staff/api/v1/student-results/{student}/lessons/{course}/{number},2.0,56.77,95.0,0.0
/staff/api/v1/publications/{publication_id}/hide,1.0,7.49,9.75,0.0
/staff/api/v1/whiteboard-export/{group_lesson},1.0,432.9,487.5,0.0
/family/api/v1/notification-events/{event_public_id}/read,1.0,5.38,9.75,0.0
/staff/api/v1/student-results/{student}/problems/{problem}/history,1.0,16.01,24.25,0.0
/student/api/v1/questions/{thread_public_id}/entries,1.0,30.46,24.25,0.0
/staff/api/v1/group-lessons/{group_lesson_id}/blocks/{position}/publication,0.0,nan,nan,0.0
/{audience}/api/v1/auth/sessions/{session_public_id},0.0,nan,nan,0.0
/staff/api/v1/audit,0.0,nan,nan,0.0
/staff/api/v1/review/reactions,0.0,nan,nan,0.0
/staff/api/v1/student-results/{student}/attachments/{attachment},0.0,nan,nan,0.0
unmatched,0.0,nan,nan,0.0
/staff/api/v1/content/revisions/{revision_id}/reprocess,0.0,nan,nan,0.0
/staff/api/v1/group-lessons/{group_lesson_id}/blocks/media/uploads,0.0,nan,nan,0.0
/staff/api/v1/group-lessons/{group_lesson_public_id}/oral-windows/batch,0.0,nan,nan,0.0
/staff/api/v1/live-marking/sessions,0.0,nan,nan,0.0
/staff/api/v1/live-marking/sessions/{session_id}/finish,0.0,nan,nan,0.0
/staff/api/v1/staff-members/batch,0.0,nan,nan,0.0
/staff/api/v1/testing/session,0.0,nan,nan,0.0
/{audience}/api/v1/auth/logout-all,0.0,nan,nan,0.0
/{audience}/api/v1/organizer-questions/photos,0.0,nan,nan,0.0
/staff/api/v1/group-lessons/{group_lesson_id}/blocks/{position}/draft,0.0,nan,nan,0.0
